variant,gpus,type,N,BS,avg_ms,ms_per_pair,tflops
multi_host,1,float3,4096,256,0.369,2.198e-08,0.819
multi_direct,1,float3,4096,256,0.173,1.030e-08,1.748
multi_host,1,float3,8192,256,0.669,9.963e-09,1.807
multi_direct,1,float3,8192,256,0.827,1.232e-08,1.461
multi_host,1,float3,16384,256,2.803,1.044e-08,1.724
multi_direct,1,float3,16384,256,2.664,9.926e-09,1.813
multi_host,1,float3,32768,256,9.239,8.605e-09,2.092
multi_direct,1,float3,32768,256,9.545,8.890e-09,2.025
multi_host,1,float3,65536,256,35.370,8.235e-09,2.186
multi_direct,1,float3,65536,256,34.683,8.075e-09,2.229
